N,r2_early,r2_early_lo,r2_early_hi,r2_author,r2_author_lo,r2_author_hi,r2_both,r2_both_lo,r2_both_hi
1,0.224,0.196,0.253,0.371,0.339,0.403,0.416,0.385,0.443
2,0.316,0.29,0.341,0.371,0.341,0.399,0.473,0.446,0.499
4,0.443,0.416,0.466,0.371,0.342,0.4,0.545,0.515,0.57
8,0.558,0.536,0.578,0.371,0.337,0.4,0.628,0.606,0.649
12,0.61,0.587,0.628,0.371,0.343,0.399,0.669,0.648,0.689
24,0.676,0.656,0.693,0.371,0.338,0.4,0.719,0.7,0.737
48,0.71,0.692,0.726,0.371,0.338,0.403,0.744,0.727,0.762
72,0.719,0.702,0.737,0.371,0.342,0.4,0.751,0.736,0.768
168,0.737,0.721,0.753,0.371,0.34,0.399,0.765,0.749,0.782
