step,teacher_kl,entropy,kl_pre_post_v1,lr,reward_total
0,0.3369279205799103,0.2929835915565491,0.0051210373640060425,0.0001,0.0
1,0.32406920194625854,0.3516620993614197,0.006333630066365004,0.0001,0.0
2,0.288237601518631,0.19321905076503754,0.005987619515508413,0.0001,0.0
3,0.3024161458015442,0.3732549250125885,0.00740335788577795,0.0001,0.0
4,0.4989224374294281,0.21073418855667114,0.013967865146696568,0.0001,0.0
5,0.27033138275146484,0.34907838702201843,0.012789130210876465,0.0001,0.0
6,0.2987543046474457,0.37074699997901917,0.022765574976801872,0.0001,0.0
7,0.25541946291923523,0.4723803699016571,0.03098718449473381,0.0001,0.0
8,0.34825360774993896,0.5275535583496094,0.05076668784022331,0.0001,0.0
9,0.23199330270290375,0.7192265391349792,0.04742903262376785,0.0001,0.0
10,0.22481676936149597,0.824224591255188,0.038275253027677536,0.0001,0.0
11,0.24660909175872803,0.8359840512275696,0.04444751515984535,0.0001,0.0
12,0.18901902437210083,0.8844050765037537,0.01893976889550686,0.0001,0.0
13,0.18502363562583923,0.794998049736023,0.02097402513027191,0.0001,0.0
14,0.14405080676078796,0.7633945345878601,0.019342442974448204,0.0001,0.0
15,0.12864701449871063,0.5920949578285217,0.016074886545538902,0.0001,0.0
16,0.1306179016828537,0.5615200400352478,0.01686999946832657,0.0001,0.0
17,0.11369234323501587,0.5727814435958862,0.011178411543369293,0.0001,0.0
18,0.1037723571062088,0.5636954307556152,0.00885829608887434,0.0001,0.0
19,0.08348016440868378,0.5899412631988525,0.005432214587926865,0.0001,0.0
20,0.11694366484880447,0.47524961829185486,0.0077209072187542915,0.0001,0.0
21,0.098668672144413,0.5510101914405823,0.008205343037843704,0.0001,0.0
22,0.07481525838375092,0.5543938875198364,0.005833508912473917,0.0001,0.0
23,0.08448216319084167,0.5092371702194214,0.007347514387220144,0.0001,0.0
24,0.12597894668579102,0.48892611265182495,0.008032462559640408,0.0001,0.0
25,0.0746602714061737,0.5677853226661682,0.0064852554351091385,0.0001,0.0
26,0.0672091618180275,0.559169590473175,0.007233503274619579,0.0001,0.0
27,0.0763523280620575,0.5001771450042725,0.007219664286822081,0.0001,0.0
28,0.05150813236832619,0.5994526743888855,0.006312150973826647,0.0001,0.0
29,0.04946183040738106,0.6303682923316956,0.006932650692760944,0.0001,0.0
30,0.05821976065635681,0.579346776008606,0.0072455378249287605,0.0001,0.0
31,0.0629684329032898,0.534355640411377,0.007002979516983032,0.0001,0.0
32,0.07026389986276627,0.5352464914321899,0.009190070442855358,0.0001,0.0
33,0.05992984399199486,0.5600055456161499,0.00759728392586112,0.0001,0.0
34,0.060766179114580154,0.5423544645309448,0.00718105211853981,0.0001,0.0
35,0.05352643132209778,0.5961081981658936,0.005464394576847553,0.0001,0.0
36,0.05481228604912758,0.5020138621330261,0.0068716974928975105,0.0001,0.0
37,0.048486508429050446,0.6210894584655762,0.005267486907541752,0.0001,0.0
38,0.06544231623411179,0.6144484281539917,0.008143086917698383,0.0001,0.0
39,0.04978908970952034,0.6039576530456543,0.00812939926981926,0.0001,0.0
40,0.06152368709445,0.5738804340362549,0.008010356687009335,0.0001,0.0
41,0.05627382546663284,0.5303671956062317,0.005816498305648565,0.0001,0.0
42,0.051378797739744186,0.5937079787254333,0.008299571461975574,0.0001,0.0
43,0.05562745779752731,0.49258413910865784,0.008431370370090008,0.0001,0.0
44,0.052134282886981964,0.5436375141143799,0.007689302321523428,0.0001,0.0
45,0.05293022096157074,0.48268797993659973,0.00851866789162159,0.0001,0.0
46,0.04690898209810257,0.6015018224716187,0.005719826556742191,0.0001,0.0
47,0.04072653874754906,0.5704142451286316,0.006425912957638502,0.0001,0.0
48,0.04345148429274559,0.5740571022033691,0.005519702099263668,0.0001,0.0
49,0.043081559240818024,0.6255500316619873,0.00742729427292943,0.0001,0.0
50,0.059983909130096436,0.48810848593711853,0.007492257747799158,0.0001,0.0
51,0.0655471608042717,0.5059385895729065,0.008950146846473217,0.0001,0.0
52,0.04648527130484581,0.528887927532196,0.007059936411678791,0.0001,0.0
53,0.050224922597408295,0.5091826319694519,0.007664641365408897,0.0001,0.0
54,0.04626178368926048,0.560507595539093,0.006468289066106081,0.0001,0.0
55,0.04445572942495346,0.5413137674331665,0.005878703203052282,0.0001,0.0
56,0.044548582285642624,0.543823778629303,0.007063532713800669,0.0001,0.0
57,0.0405087023973465,0.5870203971862793,0.006636384874582291,0.0001,0.0
58,0.04013331979513168,0.49821048974990845,0.006951688788831234,0.0001,0.0
59,0.0451374277472496,0.6031449437141418,0.007887033745646477,0.0001,0.0
60,0.0517597422003746,0.5706505179405212,0.008049102500081062,0.0001,0.0
61,0.04918010160326958,0.5801858305931091,0.007733603473752737,0.0001,0.0
62,0.03403792157769203,0.6046652793884277,0.006324141751974821,0.0001,0.0
63,0.03717615082859993,0.6129181385040283,0.004747948609292507,0.0001,0.0
64,0.03965061530470848,0.5648068785667419,0.0070660049095749855,0.0001,0.0
65,0.04295219108462334,0.4046359658241272,0.0074628605507314205,0.0001,0.0
66,0.03704732656478882,0.5426866412162781,0.0069048055447638035,0.0001,0.0
67,0.031679049134254456,0.5621868371963501,0.005252663977444172,0.0001,0.0
68,0.03300844505429268,0.6363308429718018,0.00612859521061182,0.0001,0.0
69,0.032031986862421036,0.5347331166267395,0.0052384971641004086,0.0001,0.0
70,0.04084207862615585,0.5352206826210022,0.0071478052996098995,0.0001,0.0
71,0.03390667587518692,0.5881470441818237,0.0061707464046776295,0.0001,0.0
72,0.032345544546842575,0.6054602861404419,0.0060967146418988705,0.0001,0.0
73,0.03912920132279396,0.589470386505127,0.0077171409502625465,0.0001,0.0
74,0.03585950657725334,0.5681570172309875,0.008207394741475582,0.0001,0.0
75,0.03731612488627434,0.560844898223877,0.007813769392669201,0.0001,0.0
76,0.04316103458404541,0.573215663433075,0.009546348825097084,0.0001,0.0
77,0.03618481382727623,0.5134806036949158,0.010249393992125988,0.0001,0.0
78,0.030381618067622185,0.5694930553436279,0.007741023786365986,0.0001,0.0
79,0.03267956152558327,0.6064853668212891,0.005842278711497784,0.0001,0.0
